URL,Title,Subtitle,Date
https://systemdesign.one/slack-architecture/,Slack Architecture,Slack System Design,2023-05-28
https://systemdesign.one/distributed-counter-system-design/,Distributed Counter System Design,Sharded Counter,2023-04-30
https://systemdesign.one/real-time-presence-platform-system-design/,Real Time Presence Platform System Design,User Online Status Indicator,2023-04-15
https://systemdesign.one/live-comment-system-design/,Live Comment System Design,Real-Time Live Commenting Platform,2023-04-08
https://systemdesign.one/leaderboard-system-design/,Leaderboard System Design,Real-Time Gaming Leaderboard,2023-03-18
https://systemdesign.one/hinted-handoff/,Hinted Handoff,High Availability Architecture,2023-08-12
https://systemdesign.one/consistency-patterns/,Consistency Patterns,Consistency Models in Distributed Systems,2023-07-23
https://systemdesign.one/gossip-protocol/,Gossip Protocol,Broadcast Algorithm Distributed Systems,2023-07-09
https://systemdesign.one/what-is-service-discovery/,What Is Service Discovery?,Service Discovery In Microservices,2023-06-30
https://systemdesign.one/back-of-the-envelope/,Back of the Envelope,Capacity Planning System Design,2023-05-07
https://systemdesign.one/quotient-filter-explained/,Quotient Filter Explained,Probabilistic Data Structure To Check Membership,2023-03-11
https://systemdesign.one/bloom-filters-explained/,Bloom Filters Explained,Probabilistic Data Structure To Check Membership,2023-03-06
https://systemdesign.one/consistent-hashing-explained/,Consistent Hashing Explained,Distributed Hashing Technique,2022-12-18
